"","MSPE","MAE","MAPE","PM","R.Squared","Adj.R.Squared"
"Full",13025690.4422907,1187.42530982186,48.0526169313546,0.24220979818875,0.895462417395465,0.894078831743347
"Full-Transformed",4621711.50595865,939.890078342958,38.1810430361155,0.0859396909595225,0.699692222427539,0.695717560665551
"Step-Wise",12953893.8308528,1170.06734365822,48.5339783932886,0.240874756269547,0.894932924407771,0.894396476902924
"Step-Wise-Transformed",6125621.07219455,990.762914533949,24.2057847024608,0.113904552718364,0.65865232324196,0.656909483170985
"Lasso",13762029.0416193,1165.03529515543,45.1210246587011,0.255901849626034,0.8935603211022,0.892782253274
"Lasso-Transformed",12525764.2228406,1022.40749054944,31.182092874471,0.232913782038303,0.674900411562082,0.672523952582272
"ENet",14255321.6767713,1191.44480932874,45.0768317036492,0.265074515761276,0.893784647762114,0.892929952169855
